{"cameraMode":{"drawMode":0,"name":"Shaded","section":"Shading Mode"},"sceneLighting":true,"audioPlay":false,"sceneViewState":{"m_AlwaysRefresh":false,"showFog":true,"showSkybox":true,"showFlares":true,"showImageEffects":true,"showParticleSystems":true,"showVisualEffectGraphs":true,"m_FxEnabled":true},"in2DMode":false,"pivot":{"x":1.8883461952209473,"y":-13.05340576171875,"z":0.2461123913526535},"rotation":{"x":0.00021476596884895116,"y":0.7022039294242859,"z":-0.7119784355163574,"w":0.0002112913061864674},"size":16.864761352539064,"orthographic":false}